Day_of_Year,glorad,Station_ID
01-01,"(np.float64(0.5340729293970016), np.float64(0.5750554974102751), 0, 1)",WeatherAthenryProcessed
01-02,"(np.float64(0.42599943586157346), np.float64(0.5841647882342542), 0, 1)",WeatherAthenryProcessed
01-03,"(np.float64(0.6017213028602485), np.float64(0.685002241415614), 0, 1)",WeatherAthenryProcessed
01-04,"(np.float64(0.5889838962651331), np.float64(0.6466008067817447), 0, 1)",WeatherAthenryProcessed
01-05,"(np.float64(0.5670414023262063), np.float64(0.6780740301548795), 0, 1)",WeatherAthenryProcessed
01-06,"(np.float64(0.42006679490782506), np.float64(0.44009808735998623), 0, 1)",WeatherAthenryProcessed
01-07,"(np.float64(0.43515108314224354), np.float64(0.5190251951690523), 0, 1)",WeatherAthenryProcessed
01-08,"(np.float64(0.7253647341470769), np.float64(0.6882665277323565), 0, 1)",WeatherAthenryProcessed
01-09,"(np.float64(0.5837128061218376), np.float64(0.5098647224438599), 0, 1)",WeatherAthenryProcessed
01-10,"(1.0, 1.0, 0.0, 1.0)",WeatherAthenryProcessed
01-11,"(np.float64(0.5425365605246586), np.float64(0.5442738830006774), 0, 1)",WeatherAthenryProcessed
01-12,"(np.float64(0.42910507837436634), np.float64(0.5294404131196835), 0, 1)",WeatherAthenryProcessed
01-13,"(np.float64(0.5407320534602879), np.float64(0.7819478484991477), 0, 1)",WeatherAthenryProcessed
01-14,"(np.float64(0.5790174532952187), np.float64(0.5741361098780207), 0, 1)",WeatherAthenryProcessed
01-15,"(np.float64(0.6718867618335277), np.float64(0.5165345304424823), 0, 1)",WeatherAthenryProcessed
01-16,"(np.float64(0.556851184758758), np.float64(0.5183532184767802), 0, 1)",WeatherAthenryProcessed
01-17,"(np.float64(0.6624077280356274), np.float64(0.7180286083855054), 0, 1)",WeatherAthenryProcessed
01-18,"(np.float64(0.5786833306910651), np.float64(0.5734601160480588), 0, 1)",WeatherAthenryProcessed
01-19,"(np.float64(0.6253148162057843), np.float64(0.5532865402245088), 0, 1)",WeatherAthenryProcessed
01-20,"(np.float64(0.4559912724324165), np.float64(0.5884599599457991), 0, 1)",WeatherAthenryProcessed
01-21,"(np.float64(0.5426262612999331), np.float64(0.6741416776776962), 0, 1)",WeatherAthenryProcessed
01-22,"(np.float64(0.614025723853496), np.float64(0.5321583977802244), 0, 1)",WeatherAthenryProcessed
01-23,"(np.float64(0.5515788712213202), np.float64(0.7290630147423927), 0, 1)",WeatherAthenryProcessed
01-24,"(np.float64(0.5761804042758667), np.float64(0.5967712512412622), 0, 1)",WeatherAthenryProcessed
01-25,"(1.0, 1.0, 0.0, 1.0)",WeatherAthenryProcessed
01-26,"(np.float64(0.5652884484543156), np.float64(0.7151989591581466), 0, 1)",WeatherAthenryProcessed
01-27,"(np.float64(0.6253054970859858), np.float64(0.7270061297636801), 0, 1)",WeatherAthenryProcessed
01-28,"(np.float64(0.41741551344343114), np.float64(0.641894831658459), 0, 1)",WeatherAthenryProcessed
01-29,"(np.float64(0.6360141346735557), np.float64(0.6066831540072545), 0, 1)",WeatherAthenryProcessed
01-30,"(np.float64(0.495648685330683), np.float64(0.7225045165738643), 0, 1)",WeatherAthenryProcessed
01-31,"(np.float64(0.5885193817659179), np.float64(0.6624712322983021), 0, 1)",WeatherAthenryProcessed
02-01,"(np.float64(0.6544614064967429), np.float64(0.5534269926204924), 0, 1)",WeatherAthenryProcessed
02-02,"(np.float64(0.5280623130305537), np.float64(0.5414641065311214), 0, 1)",WeatherAthenryProcessed
02-03,"(np.float64(0.5292133243949578), np.float64(0.503135039594226), 0, 1)",WeatherAthenryProcessed
02-04,"(np.float64(0.526501090511191), np.float64(0.506069766254725), 0, 1)",WeatherAthenryProcessed
02-05,"(np.float64(0.4590122490010937), np.float64(0.47831508435860776), 0, 1)",WeatherAthenryProcessed
02-06,"(np.float64(0.38165044124518416), np.float64(0.49721649622873954), 0, 1)",WeatherAthenryProcessed
02-07,"(np.float64(0.42860325713938546), np.float64(0.6587438183085578), 0, 1)",WeatherAthenryProcessed
02-08,"(np.float64(0.5323109901577187), np.float64(0.6166500108721351), 0, 1)",WeatherAthenryProcessed
02-09,"(np.float64(0.4907091662719249), np.float64(0.5111355798565178), 0, 1)",WeatherAthenryProcessed
02-10,"(np.float64(0.5112917175977548), np.float64(0.6115112351035503), 0, 1)",WeatherAthenryProcessed
02-11,"(np.float64(0.5026651005740808), np.float64(0.5173983210688644), 0, 1)",WeatherAthenryProcessed
02-12,"(np.float64(0.4621436648080186), np.float64(0.686203034286847), 0, 1)",WeatherAthenryProcessed
02-13,"(np.float64(0.6121421322389361), np.float64(0.7443879583589397), 0, 1)",WeatherAthenryProcessed
02-14,"(np.float64(0.5615067417287001), np.float64(0.6091052683804418), 0, 1)",WeatherAthenryProcessed
02-15,"(np.float64(0.5373907772862139), np.float64(0.5460480838791983), 0, 1)",WeatherAthenryProcessed
02-16,"(np.float64(0.4856513481427989), np.float64(0.6362208604332011), 0, 1)",WeatherAthenryProcessed
02-17,"(np.float64(0.5334953725027355), np.float64(0.5644839105314162), 0, 1)",WeatherAthenryProcessed
02-18,"(np.float64(0.5010730446699553), np.float64(0.5002547826986936), 0, 1)",WeatherAthenryProcessed
02-19,"(np.float64(0.5798160985538552), np.float64(0.6111638578430859), 0, 1)",WeatherAthenryProcessed
02-20,"(np.float64(0.48734600221117835), np.float64(0.7088412377891877), 0, 1)",WeatherAthenryProcessed
02-21,"(np.float64(0.47945620481543527), np.float64(0.5854363505706099), 0, 1)",WeatherAthenryProcessed
02-22,"(np.float64(0.43712514889860876), np.float64(0.5304651609978055), 0, 1)",WeatherAthenryProcessed
02-23,"(np.float64(0.5162227297748152), np.float64(0.7025360831781997), 0, 1)",WeatherAthenryProcessed
02-24,"(np.float64(0.47724814388409026), np.float64(0.6858412202371829), 0, 1)",WeatherAthenryProcessed
02-25,"(np.float64(0.6524600351824751), np.float64(0.6202548801402015), 0, 1)",WeatherAthenryProcessed
02-26,"(np.float64(0.6509202241731137), np.float64(0.5494137684864223), 0, 1)",WeatherAthenryProcessed
02-27,"(np.float64(0.6615612810737501), np.float64(0.5278746093571299), 0, 1)",WeatherAthenryProcessed
02-28,"(np.float64(0.5714401532431149), np.float64(0.6974396910813666), 0, 1)",WeatherAthenryProcessed
02-29,"(np.float64(0.2461143846418011), np.float64(0.28453140954199063), 0, 1)",WeatherAthenryProcessed
03-01,"(np.float64(0.575263041761808), np.float64(0.5066307061637187), 0, 1)",WeatherAthenryProcessed
03-02,"(np.float64(0.703178798565153), np.float64(0.644673231921261), 0, 1)",WeatherAthenryProcessed
03-03,"(np.float64(0.5263876887449012), np.float64(0.5837089687007727), 0, 1)",WeatherAthenryProcessed
03-04,"(np.float64(0.5098467044779421), np.float64(0.5417411125031037), 0, 1)",WeatherAthenryProcessed
03-05,"(np.float64(0.4449804521858859), np.float64(0.5076108789526433), 0, 1)",WeatherAthenryProcessed
03-06,"(np.float64(0.5135191661773633), np.float64(0.7029558307934058), 0, 1)",WeatherAthenryProcessed
03-07,"(np.float64(0.509853889405466), np.float64(0.4858937666340227), 0, 1)",WeatherAthenryProcessed
03-08,"(np.float64(0.5100954923529716), np.float64(0.7380988461634707), 0, 1)",WeatherAthenryProcessed
03-09,"(np.float64(0.42188556878271327), np.float64(0.6391615913194849), 0, 1)",WeatherAthenryProcessed
03-10,"(np.float64(0.45985842838936614), np.float64(0.4213054803570101), 0, 1)",WeatherAthenryProcessed
03-11,"(np.float64(0.5185538939702945), np.float64(0.6575415969790798), 0, 1)",WeatherAthenryProcessed
03-12,"(np.float64(0.5026072937288101), np.float64(0.47087108106876274), 0, 1)",WeatherAthenryProcessed
03-13,"(np.float64(0.5382123701611653), np.float64(0.7869129430850028), 0, 1)",WeatherAthenryProcessed
03-14,"(np.float64(0.49980632383853074), np.float64(0.49106830382471045), 0, 1)",WeatherAthenryProcessed
03-15,"(np.float64(0.5398325427988221), np.float64(0.5523875008647849), 0, 1)",WeatherAthenryProcessed
03-16,"(np.float64(0.48219386912482876), np.float64(0.5083166754152071), 0, 1)",WeatherAthenryProcessed
03-17,"(np.float64(0.5890508484794658), np.float64(0.47037242318241945), 0, 1)",WeatherAthenryProcessed
03-18,"(np.float64(0.6033737885733019), np.float64(0.5745263696835935), 0, 1)",WeatherAthenryProcessed
03-19,"(np.float64(0.6296775297037419), np.float64(0.5532012121770078), 0, 1)",WeatherAthenryProcessed
03-20,"(np.float64(0.5461885894848697), np.float64(0.6385711518398582), 0, 1)",WeatherAthenryProcessed
03-21,"(np.float64(0.425136211932947), np.float64(0.5493378416892236), 0, 1)",WeatherAthenryProcessed
03-22,"(np.float64(0.6386185774577195), np.float64(0.5183645405232059), 0, 1)",WeatherAthenryProcessed
03-23,"(np.float64(0.46221392370805614), np.float64(0.5131987747063269), 0, 1)",WeatherAthenryProcessed
03-24,"(np.float64(0.5238794548861656), np.float64(0.5953902204406094), 0, 1)",WeatherAthenryProcessed
03-25,"(np.float64(0.6873606050370449), np.float64(0.6703764705798078), 0, 1)",WeatherAthenryProcessed
03-26,"(np.float64(0.5060785415473456), np.float64(0.40467211614997695), 0, 1)",WeatherAthenryProcessed
03-27,"(np.float64(0.534492494382992), np.float64(0.491399875175377), 0, 1)",WeatherAthenryProcessed
03-28,"(np.float64(0.7775640137970244), np.float64(0.5184368087729312), 0, 1)",WeatherAthenryProcessed
03-29,"(np.float64(0.6361916388255859), np.float64(0.6417985148536385), 0, 1)",WeatherAthenryProcessed
03-30,"(np.float64(0.6030184849220397), np.float64(0.4774242003419779), 0, 1)",WeatherAthenryProcessed
03-31,"(np.float64(0.5574579575713665), np.float64(0.5352905989334414), 0, 1)",WeatherAthenryProcessed
04-01,"(np.float64(0.6262895218935338), np.float64(0.7785125119325875), 0, 1)",WeatherAthenryProcessed
04-02,"(np.float64(0.5427500646588964), np.float64(0.6076706558489261), 0, 1)",WeatherAthenryProcessed
04-03,"(np.float64(0.5587682928221888), np.float64(0.5921239663972117), 0, 1)",WeatherAthenryProcessed
04-04,"(np.float64(0.723211070434544), np.float64(0.6607719146779363), 0, 1)",WeatherAthenryProcessed
04-05,"(np.float64(0.701120097752432), np.float64(0.7059149426137958), 0, 1)",WeatherAthenryProcessed
04-06,"(np.float64(0.5085785041530695), np.float64(0.4847165841385296), 0, 1)",WeatherAthenryProcessed
04-07,"(np.float64(0.693671116835519), np.float64(0.6927962997831697), 0, 1)",WeatherAthenryProcessed
04-08,"(np.float64(0.48691836073515893), np.float64(0.40947897074723016), 0, 1)",WeatherAthenryProcessed
04-09,"(np.float64(0.6224724891405253), np.float64(0.4512115065987249), 0, 1)",WeatherAthenryProcessed
04-10,"(np.float64(0.6707170215279367), np.float64(0.6928538806421005), 0, 1)",WeatherAthenryProcessed
04-11,"(np.float64(0.43842456706745364), np.float64(0.5124891283124232), 0, 1)",WeatherAthenryProcessed
04-12,"(np.float64(0.5473828594890087), np.float64(0.6549737639240867), 0, 1)",WeatherAthenryProcessed
04-13,"(np.float64(0.6767802968722482), np.float64(0.6925038133209598), 0, 1)",WeatherAthenryProcessed
04-14,"(np.float64(0.6272426063120022), np.float64(0.6225714492801885), 0, 1)",WeatherAthenryProcessed
04-15,"(np.float64(0.6790054694475166), np.float64(0.5921360161836745), 0, 1)",WeatherAthenryProcessed
04-16,"(np.float64(0.5030841430425974), np.float64(0.4261754848605841), 0, 1)",WeatherAthenryProcessed
04-17,"(np.float64(0.4578280979004296), np.float64(0.6584561470743048), 0, 1)",WeatherAthenryProcessed
04-18,"(np.float64(0.6632497465177534), np.float64(0.6180393676707259), 0, 1)",WeatherAthenryProcessed
04-19,"(np.float64(0.6377092318162207), np.float64(0.4969965699361616), 0, 1)",WeatherAthenryProcessed
04-20,"(np.float64(0.7082138200773732), np.float64(0.570530966134632), 0, 1)",WeatherAthenryProcessed
04-21,"(np.float64(0.8040530875722105), np.float64(0.5100277331276073), 0, 1)",WeatherAthenryProcessed
04-22,"(np.float64(0.6799724256364528), np.float64(0.5934145576599508), 0, 1)",WeatherAthenryProcessed
04-23,"(np.float64(0.6456263963321436), np.float64(0.48232450391683884), 0, 1)",WeatherAthenryProcessed
04-24,"(np.float64(0.5661587397318375), np.float64(0.556776915762538), 0, 1)",WeatherAthenryProcessed
04-25,"(np.float64(0.7204790352060614), np.float64(0.6608336217457064), 0, 1)",WeatherAthenryProcessed
04-26,"(np.float64(0.6721142602460216), np.float64(0.8035600001595725), 0, 1)",WeatherAthenryProcessed
04-27,"(np.float64(0.571460353351265), np.float64(0.48551491671544833), 0, 1)",WeatherAthenryProcessed
04-28,"(np.float64(0.6414417034090343), np.float64(0.6554376019285841), 0, 1)",WeatherAthenryProcessed
04-29,"(np.float64(0.7387660629060618), np.float64(0.5599253225624975), 0, 1)",WeatherAthenryProcessed
04-30,"(np.float64(0.7224126739849998), np.float64(0.6094975428090923), 0, 1)",WeatherAthenryProcessed
05-01,"(np.float64(0.5222400067939074), np.float64(0.5281283889255586), 0, 1)",WeatherAthenryProcessed
05-02,"(np.float64(0.7183338511683032), np.float64(0.6115657802984877), 0, 1)",WeatherAthenryProcessed
05-03,"(np.float64(0.5689249416522612), np.float64(0.6121313349738009), 0, 1)",WeatherAthenryProcessed
05-04,"(np.float64(0.5079897017409555), np.float64(0.618233704357785), 0, 1)",WeatherAthenryProcessed
05-05,"(np.float64(0.5355559452840715), np.float64(0.547080174408797), 0, 1)",WeatherAthenryProcessed
05-06,"(np.float64(0.7055596960901485), np.float64(0.6415279113882468), 0, 1)",WeatherAthenryProcessed
05-07,"(np.float64(0.7223509148655267), np.float64(0.6602771461987627), 0, 1)",WeatherAthenryProcessed
05-08,"(np.float64(0.6403342543810673), np.float64(0.6435095972073127), 0, 1)",WeatherAthenryProcessed
05-09,"(np.float64(0.590315675813096), np.float64(0.5549887968123826), 0, 1)",WeatherAthenryProcessed
05-10,"(np.float64(0.6545610350204492), np.float64(0.6906049576306696), 0, 1)",WeatherAthenryProcessed
05-11,"(np.float64(0.7291608699855548), np.float64(0.6307571780018862), 0, 1)",WeatherAthenryProcessed
05-12,"(np.float64(0.5718113821579486), np.float64(0.43835176803277526), 0, 1)",WeatherAthenryProcessed
05-13,"(np.float64(0.5138681702882171), np.float64(0.4708265023272678), 0, 1)",WeatherAthenryProcessed
05-14,"(np.float64(0.7627300705625027), np.float64(0.5965078516378675), 0, 1)",WeatherAthenryProcessed
05-15,"(np.float64(0.6620303277571218), np.float64(0.620392572516278), 0, 1)",WeatherAthenryProcessed
05-16,"(np.float64(0.7246959369613472), np.float64(0.5882284198571892), 0, 1)",WeatherAthenryProcessed
05-17,"(np.float64(0.4587379227220432), np.float64(0.5032455838949643), 0, 1)",WeatherAthenryProcessed
05-18,"(np.float64(0.6008009434304048), np.float64(0.7563986525179011), 0, 1)",WeatherAthenryProcessed
05-19,"(np.float64(0.5698862896566398), np.float64(0.673020417513858), 0, 1)",WeatherAthenryProcessed
05-20,"(np.float64(0.5308364267598193), np.float64(0.5737133764821349), 0, 1)",WeatherAthenryProcessed
05-21,"(np.float64(0.5768631131694669), np.float64(0.7419250975983755), 0, 1)",WeatherAthenryProcessed
05-22,"(np.float64(0.46331068993553426), np.float64(0.7759268811850614), 0, 1)",WeatherAthenryProcessed
05-23,"(np.float64(0.6889869626170133), np.float64(0.6431296757288616), 0, 1)",WeatherAthenryProcessed
05-24,"(np.float64(0.8451044713948618), np.float64(0.6074505403634477), 0, 1)",WeatherAthenryProcessed
05-25,"(np.float64(0.6097528021751663), np.float64(0.6809977984094732), 0, 1)",WeatherAthenryProcessed
05-26,"(np.float64(0.574456915156039), np.float64(0.4578185535156294), 0, 1)",WeatherAthenryProcessed
05-27,"(np.float64(0.5495900386817275), np.float64(0.5744400640271975), 0, 1)",WeatherAthenryProcessed
05-28,"(np.float64(0.7494181653323151), np.float64(0.7048775406927759), 0, 1)",WeatherAthenryProcessed
05-29,"(np.float64(0.5897879532331951), np.float64(0.3725883531599429), 0, 1)",WeatherAthenryProcessed
05-30,"(np.float64(0.7257469035106482), np.float64(0.5436237289310268), 0, 1)",WeatherAthenryProcessed
05-31,"(np.float64(0.6005103861061966), np.float64(0.4814901920776584), 0, 1)",WeatherAthenryProcessed
06-01,"(np.float64(0.46206026909995246), np.float64(0.46796631720031945), 0, 1)",WeatherAthenryProcessed
06-02,"(np.float64(0.5591574613769159), np.float64(0.5992962833293414), 0, 1)",WeatherAthenryProcessed
06-03,"(np.float64(0.7073024949317538), np.float64(0.5101514167141916), 0, 1)",WeatherAthenryProcessed
06-04,"(np.float64(0.7426567502816636), np.float64(0.6201955612087017), 0, 1)",WeatherAthenryProcessed
06-05,"(np.float64(0.7576640455178659), np.float64(0.6152078967862187), 0, 1)",WeatherAthenryProcessed
06-06,"(np.float64(0.611351488317585), np.float64(0.43479282924145746), 0, 1)",WeatherAthenryProcessed
06-07,"(np.float64(0.7452426151355229), np.float64(0.6079221022097813), 0, 1)",WeatherAthenryProcessed
06-08,"(np.float64(0.5579625708192221), np.float64(0.6309916916881315), 0, 1)",WeatherAthenryProcessed
06-09,"(np.float64(0.5555427194292737), np.float64(0.6156333096863579), 0, 1)",WeatherAthenryProcessed
06-10,"(np.float64(0.4585704321322833), np.float64(0.37210015965397497), 0, 1)",WeatherAthenryProcessed
06-11,"(np.float64(0.7235163656781912), np.float64(0.7882136172817769), 0, 1)",WeatherAthenryProcessed
06-12,"(np.float64(0.6300326059558543), np.float64(0.7890422093413566), 0, 1)",WeatherAthenryProcessed
06-13,"(np.float64(0.635909923384012), np.float64(0.7106401811037435), 0, 1)",WeatherAthenryProcessed
06-14,"(np.float64(0.6662084066801235), np.float64(0.6869704126801076), 0, 1)",WeatherAthenryProcessed
06-15,"(np.float64(0.7878031491372584), np.float64(0.6866976877154966), 0, 1)",WeatherAthenryProcessed
06-16,"(np.float64(0.4996349499591795), np.float64(0.6948134994134901), 0, 1)",WeatherAthenryProcessed
06-17,"(np.float64(0.517535957663824), np.float64(0.6512063100608961), 0, 1)",WeatherAthenryProcessed
06-18,"(np.float64(0.6264649721344219), np.float64(0.7220923969751176), 0, 1)",WeatherAthenryProcessed
06-19,"(np.float64(0.6016861753692869), np.float64(0.5793972550259625), 0, 1)",WeatherAthenryProcessed
06-20,"(np.float64(0.5888839828702285), np.float64(0.6575118594195118), 0, 1)",WeatherAthenryProcessed
06-21,"(np.float64(0.6701641949134585), np.float64(0.6455524337975778), 0, 1)",WeatherAthenryProcessed
06-22,"(np.float64(0.6229973121697505), np.float64(0.7944708669737153), 0, 1)",WeatherAthenryProcessed
06-23,"(np.float64(0.6391394350489569), np.float64(0.7821149765373469), 0, 1)",WeatherAthenryProcessed
06-24,"(np.float64(0.6586367748444893), np.float64(0.7138452126354399), 0, 1)",WeatherAthenryProcessed
06-25,"(np.float64(0.601006956465829), np.float64(0.6904186201063115), 0, 1)",WeatherAthenryProcessed
06-26,"(np.float64(0.4061203015026807), np.float64(0.5889253475637551), 0, 1)",WeatherAthenryProcessed
06-27,"(np.float64(0.6458115568955145), np.float64(0.636724719923342), 0, 1)",WeatherAthenryProcessed
06-28,"(np.float64(0.5999268913595898), np.float64(0.6469744794329854), 0, 1)",WeatherAthenryProcessed
06-29,"(np.float64(0.8393711279335457), np.float64(0.7875116878029116), 0, 1)",WeatherAthenryProcessed
06-30,"(np.float64(0.7235026908314857), np.float64(0.6186146485434675), 0, 1)",WeatherAthenryProcessed
07-01,"(np.float64(0.6112170356134216), np.float64(0.8519510938578598), 0, 1)",WeatherAthenryProcessed
07-02,"(np.float64(0.7274759860567244), np.float64(0.7271266844256262), 0, 1)",WeatherAthenryProcessed
07-03,"(np.float64(0.5196077152391321), np.float64(0.6384450328543936), 0, 1)",WeatherAthenryProcessed
07-04,"(np.float64(0.4790932734091703), np.float64(0.7345699520703947), 0, 1)",WeatherAthenryProcessed
07-05,"(np.float64(0.6550914775206699), np.float64(0.7632464874488255), 0, 1)",WeatherAthenryProcessed
07-06,"(np.float64(0.44468730445462507), np.float64(0.7879459599659635), 0, 1)",WeatherAthenryProcessed
07-07,"(np.float64(0.5281650062058221), np.float64(0.5949072984370072), 0, 1)",WeatherAthenryProcessed
07-08,"(np.float64(0.6815926796049759), np.float64(0.7120500683609332), 0, 1)",WeatherAthenryProcessed
07-09,"(np.float64(0.511509311674951), np.float64(0.492511665800333), 0, 1)",WeatherAthenryProcessed
07-10,"(np.float64(0.5319458807033158), np.float64(0.6070813424517556), 0, 1)",WeatherAthenryProcessed
07-11,"(np.float64(0.703293225974842), np.float64(0.7171917126830003), 0, 1)",WeatherAthenryProcessed
07-12,"(np.float64(0.6790726941053647), np.float64(0.7491686617668051), 0, 1)",WeatherAthenryProcessed
07-13,"(np.float64(0.7467393623493203), np.float64(0.5230994487710847), 0, 1)",WeatherAthenryProcessed
07-14,"(np.float64(0.5996050520909149), np.float64(0.6256218241427242), 0, 1)",WeatherAthenryProcessed
07-15,"(np.float64(0.4675186721006054), np.float64(0.594506257509969), 0, 1)",WeatherAthenryProcessed
07-16,"(np.float64(0.8123400561876425), np.float64(0.5714239539525627), 0, 1)",WeatherAthenryProcessed
07-17,"(np.float64(0.534183417931815), np.float64(0.522581193172932), 0, 1)",WeatherAthenryProcessed
07-18,"(np.float64(0.7283804019631299), np.float64(0.5510817961946304), 0, 1)",WeatherAthenryProcessed
07-19,"(np.float64(0.4694020975978682), np.float64(0.5854836754132707), 0, 1)",WeatherAthenryProcessed
07-20,"(np.float64(0.4335359909934886), np.float64(0.5889134700981696), 0, 1)",WeatherAthenryProcessed
07-21,"(np.float64(0.5503108280918423), np.float64(0.7170728295446019), 0, 1)",WeatherAthenryProcessed
07-22,"(np.float64(0.5655956715189446), np.float64(0.5582563336440741), 0, 1)",WeatherAthenryProcessed
07-23,"(np.float64(0.7153826085754705), np.float64(0.7988257545636197), 0, 1)",WeatherAthenryProcessed
07-24,"(np.float64(0.5346996066132695), np.float64(0.6853104009032083), 0, 1)",WeatherAthenryProcessed
07-25,"(np.float64(0.5510889839570895), np.float64(0.6778936901376237), 0, 1)",WeatherAthenryProcessed
07-26,"(np.float64(0.5526569688478588), np.float64(0.5627816314497485), 0, 1)",WeatherAthenryProcessed
07-27,"(np.float64(0.6441286016934018), np.float64(0.6730689629224625), 0, 1)",WeatherAthenryProcessed
07-28,"(np.float64(0.5813168022117373), np.float64(0.5652466876384326), 0, 1)",WeatherAthenryProcessed
07-29,"(np.float64(0.5360019805435001), np.float64(0.592843671292193), 0, 1)",WeatherAthenryProcessed
07-30,"(np.float64(0.5475282241260718), np.float64(0.6396588775836942), 0, 1)",WeatherAthenryProcessed
07-31,"(np.float64(0.6848161118949135), np.float64(0.8659547181199216), 0, 1)",WeatherAthenryProcessed
08-01,"(np.float64(0.5746007223480772), np.float64(0.5113086567979307), 0, 1)",WeatherAthenryProcessed
08-02,"(np.float64(0.49849777510477455), np.float64(0.658012167013967), 0, 1)",WeatherAthenryProcessed
08-03,"(np.float64(0.5366454528631943), np.float64(0.6072715378596372), 0, 1)",WeatherAthenryProcessed
08-04,"(np.float64(0.6894422163355812), np.float64(0.7178861108372327), 0, 1)",WeatherAthenryProcessed
08-05,"(np.float64(0.6525861279925329), np.float64(0.5926851498618059), 0, 1)",WeatherAthenryProcessed
08-06,"(np.float64(0.6290682496787924), np.float64(0.6542560698826744), 0, 1)",WeatherAthenryProcessed
08-07,"(np.float64(0.6993863818977382), np.float64(0.7287000294556538), 0, 1)",WeatherAthenryProcessed
08-08,"(np.float64(0.7096902571062442), np.float64(0.5760718602686354), 0, 1)",WeatherAthenryProcessed
08-09,"(np.float64(0.6344817911874783), np.float64(0.6983728152566514), 0, 1)",WeatherAthenryProcessed
08-10,"(np.float64(0.6889867738955379), np.float64(0.7090245371435101), 0, 1)",WeatherAthenryProcessed
08-11,"(np.float64(0.6564284550799971), np.float64(0.7154103454019899), 0, 1)",WeatherAthenryProcessed
08-12,"(1.0, 1.0, 0.0, 1.0)",WeatherAthenryProcessed
08-13,"(np.float64(0.4612007214965473), np.float64(0.6358398911549998), 0, 1)",WeatherAthenryProcessed
08-14,"(np.float64(0.5545919412412261), np.float64(0.6750730285807462), 0, 1)",WeatherAthenryProcessed
08-15,"(np.float64(0.6064415440902674), np.float64(0.6549510637165366), 0, 1)",WeatherAthenryProcessed
08-16,"(np.float64(0.740817460844871), np.float64(0.6773236919131658), 0, 1)",WeatherAthenryProcessed
08-17,"(np.float64(0.637621722833468), np.float64(0.6290473745825456), 0, 1)",WeatherAthenryProcessed
08-18,"(np.float64(0.5768189702660818), np.float64(0.507488505585123), 0, 1)",WeatherAthenryProcessed
08-19,"(np.float64(0.6507917921084817), np.float64(0.5478268099772428), 0, 1)",WeatherAthenryProcessed
08-20,"(np.float64(0.6764755178095002), np.float64(0.693668359971688), 0, 1)",WeatherAthenryProcessed
08-21,"(np.float64(0.5822770267934576), np.float64(0.6275328793857581), 0, 1)",WeatherAthenryProcessed
08-22,"(np.float64(0.6388000153452359), np.float64(0.4797833407882353), 0, 1)",WeatherAthenryProcessed
08-23,"(np.float64(0.7910267435028238), np.float64(0.639591200659747), 0, 1)",WeatherAthenryProcessed
08-24,"(np.float64(0.6624884050116706), np.float64(0.628908925828884), 0, 1)",WeatherAthenryProcessed
08-25,"(np.float64(0.5643316570718357), np.float64(0.6287293000046508), 0, 1)",WeatherAthenryProcessed
08-26,"(np.float64(0.6852564059783138), np.float64(0.5595521655520285), 0, 1)",WeatherAthenryProcessed
08-27,"(np.float64(0.6104115784217087), np.float64(0.4886003166758531), 0, 1)",WeatherAthenryProcessed
08-28,"(np.float64(0.5665633466755231), np.float64(0.5333902736196754), 0, 1)",WeatherAthenryProcessed
08-29,"(np.float64(0.5914657950682284), np.float64(0.6770134496233708), 0, 1)",WeatherAthenryProcessed
08-30,"(np.float64(0.7333663409631772), np.float64(0.7189411123099284), 0, 1)",WeatherAthenryProcessed
08-31,"(np.float64(0.5931331536972119), np.float64(0.4989973028286051), 0, 1)",WeatherAthenryProcessed
09-01,"(np.float64(0.6274822581890543), np.float64(0.6326864813670051), 0, 1)",WeatherAthenryProcessed
09-02,"(np.float64(0.65918994114048), np.float64(0.740736123486251), 0, 1)",WeatherAthenryProcessed
09-03,"(np.float64(0.6120251251831407), np.float64(0.7388587447293906), 0, 1)",WeatherAthenryProcessed
09-04,"(np.float64(0.5975138101958329), np.float64(0.6575292154010006), 0, 1)",WeatherAthenryProcessed
09-05,"(np.float64(0.5190455609772284), np.float64(0.5565134306659252), 0, 1)",WeatherAthenryProcessed
09-06,"(np.float64(0.5730191815862142), np.float64(0.5431274833449314), 0, 1)",WeatherAthenryProcessed
09-07,"(np.float64(0.5097810175609592), np.float64(0.552398781044407), 0, 1)",WeatherAthenryProcessed
09-08,"(np.float64(0.5579432528708521), np.float64(0.6420201496785225), 0, 1)",WeatherAthenryProcessed
09-09,"(np.float64(0.6844847364148691), np.float64(0.80088446429684), 0, 1)",WeatherAthenryProcessed
09-10,"(np.float64(0.6119517179689687), np.float64(0.7409456034298276), 0, 1)",WeatherAthenryProcessed
09-11,"(np.float64(0.497058318672761), np.float64(0.45573908677607733), 0, 1)",WeatherAthenryProcessed
09-12,"(np.float64(0.6484744584263584), np.float64(0.5610147955037296), 0, 1)",WeatherAthenryProcessed
09-13,"(np.float64(0.6038704107563758), np.float64(0.6238188481215232), 0, 1)",WeatherAthenryProcessed
09-14,"(np.float64(0.6293297574323815), np.float64(0.5442788337815451), 0, 1)",WeatherAthenryProcessed
09-15,"(np.float64(0.6379569899318339), np.float64(0.5916209853427826), 0, 1)",WeatherAthenryProcessed
09-16,"(np.float64(0.6846011144624873), np.float64(0.49953620180857067), 0, 1)",WeatherAthenryProcessed
09-17,"(np.float64(0.5247975363795989), np.float64(0.5502417177493808), 0, 1)",WeatherAthenryProcessed
09-18,"(np.float64(0.5402646960973483), np.float64(0.5001057610428274), 0, 1)",WeatherAthenryProcessed
09-19,"(np.float64(0.560329697084827), np.float64(0.6473307424024869), 0, 1)",WeatherAthenryProcessed
09-20,"(np.float64(0.53824518484263), np.float64(0.5756436077649011), 0, 1)",WeatherAthenryProcessed
09-21,"(np.float64(0.3635547766078041), np.float64(0.5080382935205234), 0, 1)",WeatherAthenryProcessed
09-22,"(np.float64(0.5760360340290243), np.float64(0.5709610467581328), 0, 1)",WeatherAthenryProcessed
09-23,"(np.float64(0.5104010238763647), np.float64(0.5177028340372525), 0, 1)",WeatherAthenryProcessed
09-24,"(np.float64(0.501686276413863), np.float64(0.5652082377241158), 0, 1)",WeatherAthenryProcessed
09-25,"(np.float64(0.5015689014882109), np.float64(0.7294737916464739), 0, 1)",WeatherAthenryProcessed
09-26,"(np.float64(0.6668288017730037), np.float64(0.7204400492895622), 0, 1)",WeatherAthenryProcessed
09-27,"(np.float64(0.5897767761610622), np.float64(0.4516269101749065), 0, 1)",WeatherAthenryProcessed
09-28,"(np.float64(0.4821381864844856), np.float64(0.6278867798008859), 0, 1)",WeatherAthenryProcessed
09-29,"(np.float64(0.6362396435086055), np.float64(0.6603801869169736), 0, 1)",WeatherAthenryProcessed
09-30,"(np.float64(0.5609572226199842), np.float64(0.6076263554363003), 0, 1)",WeatherAthenryProcessed
10-01,"(np.float64(0.8235993574287309), np.float64(0.66925732141465), 0, 1)",WeatherAthenryProcessed
10-02,"(np.float64(0.514521030883288), np.float64(0.5456824198422604), 0, 1)",WeatherAthenryProcessed
10-03,"(np.float64(0.4895436567898551), np.float64(0.6966666233980947), 0, 1)",WeatherAthenryProcessed
10-04,"(np.float64(0.6272564499519662), np.float64(0.8059735504366571), 0, 1)",WeatherAthenryProcessed
10-05,"(np.float64(0.6009452606694811), np.float64(0.6705056480181765), 0, 1)",WeatherAthenryProcessed
10-06,"(np.float64(0.5969889524811793), np.float64(0.5534659017950717), 0, 1)",WeatherAthenryProcessed
10-07,"(np.float64(0.6144642049832513), np.float64(0.4768203879949869), 0, 1)",WeatherAthenryProcessed
10-08,"(np.float64(0.4802130359865401), np.float64(0.6309909957982678), 0, 1)",WeatherAthenryProcessed
10-09,"(np.float64(0.5897975170855025), np.float64(0.5665984230661794), 0, 1)",WeatherAthenryProcessed
10-10,"(np.float64(0.5211289860818364), np.float64(0.4722254769540756), 0, 1)",WeatherAthenryProcessed
10-11,"(np.float64(0.7864804742449942), np.float64(0.6228702360293328), 0, 1)",WeatherAthenryProcessed
10-12,"(np.float64(0.5075540671130413), np.float64(0.4603988414749913), 0, 1)",WeatherAthenryProcessed
10-13,"(np.float64(0.6122475437836337), np.float64(0.6395323615483453), 0, 1)",WeatherAthenryProcessed
10-14,"(np.float64(0.5011613584345949), np.float64(0.4723195422368852), 0, 1)",WeatherAthenryProcessed
10-15,"(np.float64(0.5820946046285628), np.float64(0.6536801529802128), 0, 1)",WeatherAthenryProcessed
10-16,"(np.float64(0.5451738438998878), np.float64(0.5435074260827011), 0, 1)",WeatherAthenryProcessed
10-17,"(np.float64(0.5330643778627613), np.float64(0.534361830288598), 0, 1)",WeatherAthenryProcessed
10-18,"(np.float64(0.6110255500538828), np.float64(0.7114669562389369), 0, 1)",WeatherAthenryProcessed
10-19,"(np.float64(0.7445384387149616), np.float64(0.7022994251148766), 0, 1)",WeatherAthenryProcessed
10-20,"(np.float64(0.39450018834775397), np.float64(0.44910858173854945), 0, 1)",WeatherAthenryProcessed
10-21,"(np.float64(0.5568877904755256), np.float64(0.48617297785215347), 0, 1)",WeatherAthenryProcessed
10-22,"(np.float64(0.46415431428858095), np.float64(0.4479872691492263), 0, 1)",WeatherAthenryProcessed
10-23,"(np.float64(0.42214680110145086), np.float64(0.4665460645291144), 0, 1)",WeatherAthenryProcessed
10-24,"(np.float64(0.6888308124570935), np.float64(0.7114386789234158), 0, 1)",WeatherAthenryProcessed
10-25,"(np.float64(0.6451626992541686), np.float64(0.6901090540730784), 0, 1)",WeatherAthenryProcessed
10-26,"(np.float64(0.5530894632372292), np.float64(0.5323898353392708), 0, 1)",WeatherAthenryProcessed
10-27,"(np.float64(0.5062921411738855), np.float64(0.5005360966927812), 0, 1)",WeatherAthenryProcessed
10-28,"(np.float64(0.5417897132486299), np.float64(0.6370336205464623), 0, 1)",WeatherAthenryProcessed
10-29,"(np.float64(0.689019739692306), np.float64(0.6371164262318767), 0, 1)",WeatherAthenryProcessed
10-30,"(np.float64(0.466167750274621), np.float64(0.6446655704063573), 0, 1)",WeatherAthenryProcessed
10-31,"(np.float64(0.47568094117830034), np.float64(0.6114483367919918), 0, 1)",WeatherAthenryProcessed
11-01,"(np.float64(0.5398488852060824), np.float64(0.5475683547777757), 0, 1)",WeatherAthenryProcessed
11-02,"(np.float64(0.49326100716925414), np.float64(0.5644738678323848), 0, 1)",WeatherAthenryProcessed
11-03,"(np.float64(0.5497292447120397), np.float64(0.5333448804015226), 0, 1)",WeatherAthenryProcessed
11-04,"(np.float64(0.7959867533293941), np.float64(0.45283364052097014), 0, 1)",WeatherAthenryProcessed
11-05,"(np.float64(0.6284781848974084), np.float64(0.6309935091597163), 0, 1)",WeatherAthenryProcessed
11-06,"(np.float64(0.5892936247188969), np.float64(0.5804615594577467), 0, 1)",WeatherAthenryProcessed
11-07,"(np.float64(0.540380019918553), np.float64(0.43046252650118916), 0, 1)",WeatherAthenryProcessed
11-08,"(np.float64(0.6190346306706443), np.float64(0.6178611204940462), 0, 1)",WeatherAthenryProcessed
11-09,"(np.float64(0.6775887617796633), np.float64(0.4799146955069124), 0, 1)",WeatherAthenryProcessed
11-10,"(np.float64(0.607660073483779), np.float64(0.4961407896948554), 0, 1)",WeatherAthenryProcessed
11-11,"(np.float64(0.6106138294660792), np.float64(0.6947933048725916), 0, 1)",WeatherAthenryProcessed
11-12,"(np.float64(0.7375067728008856), np.float64(0.6606521207914374), 0, 1)",WeatherAthenryProcessed
11-13,"(np.float64(0.4645001281110875), np.float64(0.6720227755993798), 0, 1)",WeatherAthenryProcessed
11-14,"(np.float64(0.56876381600058), np.float64(0.6361798986353281), 0, 1)",WeatherAthenryProcessed
11-15,"(np.float64(0.662819654039146), np.float64(0.6191058168239181), 0, 1)",WeatherAthenryProcessed
11-16,"(np.float64(0.5304649771158552), np.float64(0.7480773069947318), 0, 1)",WeatherAthenryProcessed
11-17,"(np.float64(0.5007641914859509), np.float64(0.6255110528390948), 0, 1)",WeatherAthenryProcessed
11-18,"(np.float64(0.5480223347006229), np.float64(0.6550761181067427), 0, 1)",WeatherAthenryProcessed
11-19,"(np.float64(0.6509731943799096), np.float64(0.7167276148073041), 0, 1)",WeatherAthenryProcessed
11-20,"(np.float64(0.6276032590279313), np.float64(0.5775504989570931), 0, 1)",WeatherAthenryProcessed
11-21,"(np.float64(0.47112597243612964), np.float64(0.4406835774181883), 0, 1)",WeatherAthenryProcessed
11-22,"(np.float64(0.5554814230705543), np.float64(0.4462223784661389), 0, 1)",WeatherAthenryProcessed
11-23,"(np.float64(0.5014814925199662), np.float64(0.6012008643427162), 0, 1)",WeatherAthenryProcessed
11-24,"(np.float64(0.5653270796818151), np.float64(0.8284130497686902), 0, 1)",WeatherAthenryProcessed
11-25,"(np.float64(0.47792583685503887), np.float64(0.47863351140413635), 0, 1)",WeatherAthenryProcessed
11-26,"(np.float64(0.5942718829598472), np.float64(0.6659622869354767), 0, 1)",WeatherAthenryProcessed
11-27,"(np.float64(0.5580867757240087), np.float64(0.5958720732968809), 0, 1)",WeatherAthenryProcessed
11-28,"(np.float64(0.507213618613453), np.float64(0.5454907541289885), 0, 1)",WeatherAthenryProcessed
11-29,"(np.float64(0.5713688263803796), np.float64(0.7187099921077442), 0, 1)",WeatherAthenryProcessed
11-30,"(np.float64(0.38606717920135986), np.float64(0.5759584279090761), 0, 1)",WeatherAthenryProcessed
12-01,"(np.float64(0.5273563961136262), np.float64(0.6081129121186392), 0, 1)",WeatherAthenryProcessed
12-02,"(np.float64(0.5707449166484974), np.float64(0.5144407395253296), 0, 1)",WeatherAthenryProcessed
12-03,"(np.float64(0.4802726404371716), np.float64(0.5139138659535806), 0, 1)",WeatherAthenryProcessed
12-04,"(np.float64(0.5793697956812613), np.float64(0.5673344897751202), 0, 1)",WeatherAthenryProcessed
12-05,"(np.float64(0.593969481347584), np.float64(0.5677748731242306), 0, 1)",WeatherAthenryProcessed
12-06,"(np.float64(0.47254054964929376), np.float64(0.6915173857497873), 0, 1)",WeatherAthenryProcessed
12-07,"(np.float64(0.6071096058570266), np.float64(0.6866635630272627), 0, 1)",WeatherAthenryProcessed
12-08,"(np.float64(0.7134307368254673), np.float64(0.6459911141328425), 0, 1)",WeatherAthenryProcessed
12-09,"(np.float64(0.4953964409703679), np.float64(0.6590112557226118), 0, 1)",WeatherAthenryProcessed
12-10,"(1.0, 1.0, 0.0, 1.0)",WeatherAthenryProcessed
12-11,"(np.float64(0.5139105586270328), np.float64(0.5589801490330039), 0, 1)",WeatherAthenryProcessed
12-12,"(np.float64(0.472830234846376), np.float64(0.6656999127687864), 0, 1)",WeatherAthenryProcessed
12-13,"(np.float64(0.6966395337202932), np.float64(0.6413272217056336), 0, 1)",WeatherAthenryProcessed
12-14,"(np.float64(0.5939315601264938), np.float64(0.7222341786902968), 0, 1)",WeatherAthenryProcessed
12-15,"(np.float64(0.4463010307158514), np.float64(0.612928342427616), 0, 1)",WeatherAthenryProcessed
12-16,"(np.float64(0.4954150396764573), np.float64(0.6362167329633641), 0, 1)",WeatherAthenryProcessed
12-17,"(np.float64(0.5470512973706501), np.float64(0.4853909156067229), 0, 1)",WeatherAthenryProcessed
12-18,"(np.float64(0.5574271622966148), np.float64(0.6415452425479522), 0, 1)",WeatherAthenryProcessed
12-19,"(np.float64(0.5730279805210274), np.float64(0.7047450408326118), 0, 1)",WeatherAthenryProcessed
12-20,"(np.float64(0.4657720053255511), np.float64(0.724947366918683), 0, 1)",WeatherAthenryProcessed
12-21,"(np.float64(0.5184637792136282), np.float64(0.8220957245499291), 0, 1)",WeatherAthenryProcessed
12-22,"(np.float64(0.5926228890880976), np.float64(0.746794609862784), 0, 1)",WeatherAthenryProcessed
12-23,"(np.float64(0.6393886484340928), np.float64(0.7216322037381299), 0, 1)",WeatherAthenryProcessed
12-24,"(np.float64(0.5295740225070446), np.float64(0.736845181710462), 0, 1)",WeatherAthenryProcessed
12-25,"(np.float64(0.5230077133471693), np.float64(0.7503411720182488), 0, 1)",WeatherAthenryProcessed
12-26,"(np.float64(0.5835137670573508), np.float64(0.5946327058374383), 0, 1)",WeatherAthenryProcessed
12-27,"(np.float64(0.5417783710342393), np.float64(0.6426229438969044), 0, 1)",WeatherAthenryProcessed
12-28,"(np.float64(0.5465745344408397), np.float64(0.5332823450809681), 0, 1)",WeatherAthenryProcessed
12-29,"(np.float64(0.4231479601734479), np.float64(0.6629148120716749), 0, 1)",WeatherAthenryProcessed
12-30,"(np.float64(0.5969579696813053), np.float64(0.7722306923495222), 0, 1)",WeatherAthenryProcessed
12-31,"(np.float64(0.5893507416606494), np.float64(0.7924135300925388), 0, 1)",WeatherAthenryProcessed
